Workbook

Sheet 機兵總覽
A1: 機兵 | B1: 中文名 | C1: defName | D1: 重量級 | E1: 科技需求 | F1: 研究費 | G1: 累計研究費 | H1: 戰鬥點數 | I1: 頻寬 | J1: 體型 | K1: 生命係數 | L1: 移速 | M1: 銳器護甲 | N1: 鈍器護甲 | O1: 高熱護甲 | P1: 接管時間(天) | Q1: 廢料/次充電 | R1: 孵化週期 | S1: 銀幣成本 | T1: CP/銀幣×1000 | U1: CP/頻寬 | V1: 銀幣/CP
A2: Noctula | B2: 夜蝠 | C2: DMS_Mech_Noctula | D2: Light | E2: Automatroid Basis | F2: 1000 | G2: 1200 | H2: 40 | I2: 3 | J2: 0.5 | K2: 0.75 | L2: 8 | M2: 0.2 | N2: 0.2 | O2: 0.25 | P2: 5 | Q2: 2 | R2: 3 | S2: 1334.5 | T2: =IF(S2=0,"",H2/S2*1000) -> 29.973773 | U2: =IF(I2=0,"",H2/I2) -> 13.333333 | V2: =IF(H2=0,"",S2/H2) -> 33.3625
A3: Falcon | B3: 游隼 | C3: DMS_Mech_Falcon | D3: Light | E3: Automatroid Basis | F3: 1000 | G3: 1200 | H3: 20 | I3: 1 | J3: 0.5 | K3: 0.75 | L3: 8 | M3: 0.2 | N3: 0.2 | O3: 0.25 | P3: 5 | Q3: 2 | R3: 2 | S3: 334.5 | T3: =IF(S3=0,"",H3/S3*1000) -> 59.790732 | U3: =IF(I3=0,"",H3/I3) -> 20 | V3: =IF(H3=0,"",S3/H3) -> 16.725
A4: hyrax | B4: 蹄兔 | C4: DMS_Mech_Hyrax | D4: Light | E4: Automatroid Basis | F4: 1000 | G4: 1200 | H4: 20 | I4: 1 | J4: 0.8 | K4: 0.5 | L4: 4 | M4: 0.3 | N4: 0.5 | O4: 0.25 | P4: 5 | Q4: 1 | R4: 1 | S4: 382 | T4: =IF(S4=0,"",H4/S4*1000) -> 52.356021 | U4: =IF(I4=0,"",H4/I4) -> 20 | V4: =IF(H4=0,"",S4/H4) -> 19.1
A5: Protector | B5: 塔盾手 | C5: DMS_Mech_Protector | D5: Medium | E5: Specialized design | F5: 2500 | G5: 8400 | H5: 300 | I5: 3 | J5: 1.3 | K5: 1.85 | L5: 4 | M5: 1.4 | N5: 0.8 | O5: 0.83 | P5: 5 | Q5: 3 | R5: 4 | S5: 2016 | T5: =IF(S5=0,"",H5/S5*1000) -> 148.80952 | U5: =IF(I5=0,"",H5/I5) -> 100 | V5: =IF(H5=0,"",S5/H5) -> 6.72
A6: Sniper | B6: 狙擊手 | C6: DMS_Mech_Sniper | D6: Medium | E6: Specialized design | F6: 2500 | G6: 8400 | H6: 210 | I6: 4 | J6: 1.1 | K6: 1 | L6: 4.5 | M6: 0.6 | N6: 0.5 | O6: 0.83 | P6: 5 | Q6: 3 | R6: 3 | S6: 2896 | T6: =IF(S6=0,"",H6/S6*1000) -> 72.513812 | U6: =IF(I6=0,"",H6/I6) -> 52.5 | V6: =IF(H6=0,"",S6/H6) -> 13.790476
A7: Jaeger | B7: 獵兵 | C7: DMS_Mech_Jaeger | D7: Medium | E7: Ergonomics | F7: 1200 | G7: 5900 | H7: 200 | I7: 3 | J7: 1.1 | K7: 1 | L7: 5.3 | M7: 0.6 | N7: 0.5 | O7: 0.67 | P7: 5 | Q7: 3 | R7: 3 | S7: 1806 | T7: =IF(S7=0,"",H7/S7*1000) -> 110.74197 | U7: =IF(I7=0,"",H7/I7) -> 66.666667 | V7: =IF(H7=0,"",S7/H7) -> 9.03
A8: Siegebreaker | B8: 襲城者 | C8: DMS_Mech_Siegebreaker | D8: Medium | E8: Specialized design | F8: 2500 | G8: 8400 | H8: 200 | I8: 3 | J8: 1.3 | K8: 1.54 | L8: 4.2 | M8: 1.25 | N8: 0.8 | O8: 0.83 | P8: 5 | Q8: 3 | R8: 4 | S8: 2073.5 | T8: =IF(S8=0,"",H8/S8*1000) -> 96.455269 | U8: =IF(I8=0,"",H8/I8) -> 66.666667 | V8: =IF(H8=0,"",S8/H8) -> 10.3675
A9: Arquebusier | B9: 火槍手 | C9: DMS_Mech_Arquebusier | D9: Medium | E9: Ergonomics | F9: 1200 | G9: 5900 | H9: 180 | I9: 2 | J9: 1.1 | K9: 1 | L9: 4.5 | M9: 0.6 | N9: 0.5 | O9: 0.67 | P9: 5 | Q9: 3 | R9: 3 | S9: 1256 | T9: =IF(S9=0,"",H9/S9*1000) -> 143.3121 | U9: =IF(I9=0,"",H9/I9) -> 90 | V9: =IF(H9=0,"",S9/H9) -> 6.9777778
A10: Pioneer | B10: 先鋒 | C10: DMS_Mech_Pioneer | D10: Medium | E10: Dead Man's Switch | F10: 1000 | G10: 4700 | H10: 180 | I10: 2 | J10: 1.1 | K10: 1 | L10: 4.5 | M10: 0.6 | N10: 0.5 | O10: 0.5 | P10: 5 | Q10: 3 | R10: 2 | S10: 846 | T10: =IF(S10=0,"",H10/S10*1000) -> 212.76596 | U10: =IF(I10=0,"",H10/I10) -> 90 | V10: =IF(H10=0,"",S10/H10) -> 4.7
A11: Gladiator | B11: 格鬥士 | C11: DMS_Mech_Gladiator | D11: Medium | E11: Dead Man's Switch | F11: 1000 | G11: 4700 | H11: 150 | I11: 3 | J11: 1.2 | K11: 1.32 | L11: 5 | M11: 0.9 | N11: 0.8 | O11: 0.5 | P11: 5 | Q11: 2 | R11: 4 | S11: 1376 | T11: =IF(S11=0,"",H11/S11*1000) -> 109.01163 | U11: =IF(I11=0,"",H11/I11) -> 50 | V11: =IF(H11=0,"",S11/H11) -> 9.1733333
A12: Ronin | B12: 浪人 | C12: DMS_Mech_Ronin | D12: Medium | E12: Ergonomics | F12: 1200 | G12: 5900 | H12: 150 | I12: 3 | J12: 1.2 | K12: 1.32 | L12: 5 | M12: 1 | N12: 0.7 | O12: 0.67 | P12: 5 | Q12: 2 | R12: 4 | S12: 1576 | T12: =IF(S12=0,"",H12/S12*1000) -> 95.177665 | U12: =IF(I12=0,"",H12/I12) -> 50 | V12: =IF(H12=0,"",S12/H12) -> 10.506667
A13: Grenadier | B13: 擲彈兵 | C13: DMS_Mech_Grenadier | D13: Medium | E13: Legion | F13: 500 | G13: 1700 | H13: 120 | I13: 2 | J13: 1 | K13: 1 | L13: 4.2 | M13: 0.4 | N13: 0.2 | O13: 0.33 | P13: 5 | Q13: 2 | R13: 2 | S13: 648 | T13: =IF(S13=0,"",H13/S13*1000) -> 185.18519 | U13: =IF(I13=0,"",H13/I13) -> 60 | V13: =IF(H13=0,"",S13/H13) -> 5.4
... A30: Caretta | B30: 蠵龜 | C30: DMS_Mech_Caretta | D30: UltraHeavy | E30: Heavy Automatroid | F30: 1000 | G30: 9500 | H30: 250 | I30: 5 | J30: 3 | K30: 5 | L30: 2.5 | M30: 1.5 | N30: 1.3 | O30: 0.92 | P30: 5 | Q30: 4 | R30: 7 | S30: 7664 | T30: =IF(S30=0,"",H30/S30*1000) -> 32.620042 | U30: =IF(I30=0,"",H30/I30) -> 50 | V30: =IF(H30=0,"",S30/H30) -> 30.656

Sheet 材料成本明細
A1: 機兵 | B1: 中文名 | C1: 重量級 | D1: 鋼材 (Steel) | E1: 鎢鋼 (Tungsteel) | F1: 陶瓷板 (DMS_Ceramics) | G1: 塑纖 (Plasfiber) | H1: 合成纖維 (Synthread) | I1: 人造肌肉 (Artifuscle) | J1: 化石燃料 (Chemfuel) | K1: 工業元件 (ComponentIndustrial) | L1: 衝壓元件 (ComponentStamped) | M1: 先進元件 (ComponentSpacer) | N1: 傳輸元件 (ComponentTransmitter) | O1: 火控元件 (ComponentFireControl) | P1: 控制晶片 (ComponentControlChip) | Q1: 神經電腦 (Neurocomputer) | R1: 力場核心 (BroadshieldCore) | S1: 銀幣成本 | T1: 戰鬥點數 | U1: CP/銀幣×1000
A2: 單價(銀幣/單位) | C2: ↓ | D2: =單價表!B2 -> 1.9 | E2: =單價表!B3 -> 8 | F2: =單價表!B4 -> 2 | G2: =單價表!B5 -> 5 | H2: =單價表!B6 -> 4 | I2: =單價表!B7 -> 5 | J2: =單價表!B8 -> 1.3 | K2: =單價表!B9 -> 32 | L2: =單價表!B10 -> 60 | M2: =單價表!B11 -> 200 | N2: =單價表!B12 -> 1000 | O2: =單價表!B13 -> 1400 | P2: =單價表!B14 -> 2000 | Q2: =單價表!B15 -> 600 | R2: =單價表!B16 -> 350
A3: Noctula | B3: 夜蝠 | C3: Light | D3: 75 | K3: 6 | N3: 1 | S3: =SUMPRODUCT(D3:R3,D$2:R$2) -> 1334.5 | T3: =機兵總覽!H2 -> 40 | U3: =IF(S3=0,"",T3/S3*1000) -> 29.973773
A4: Falcon | B4: 游隼 | C4: Light | D4: 75 | K4: 6 | S4: =SUMPRODUCT(D4:R4,D$2:R$2) -> 334.5 | T4: =機兵總覽!H3 -> 20 | U4: =IF(S4=0,"",T4/S4*1000) -> 59.790732
A5: hyrax | B5: 蹄兔 | C5: Light | D5: 100 | K5: 6 | S5: =SUMPRODUCT(D5:R5,D$2:R$2) -> 382 | T5: =機兵總覽!H4 -> 20 | U5: =IF(S5=0,"",T5/S5*1000) -> 52.356021
A6: Protector | B6: 塔盾手 | C6: Medium | E6: 200 | H6: 35 | K6: 3 | L6: 3 | S6: =SUMPRODUCT(D6:R6,D$2:R$2) -> 2016 | T6: =機兵總覽!H5 -> 300 | U6: =IF(S6=0,"",T6/S6*1000) -> 148.80952
A7: Sniper | B7: 狙擊手 | C7: Medium | E7: 140 | H7: 25 | K7: 3 | L7: 3 | O7: 1 | S7: =SUMPRODUCT(D7:R7,D$2:R$2) -> 2896 | T7: =機兵總覽!H6 -> 210 | U7: =IF(S7=0,"",T7/S7*1000) -> 72.513812
A8: Jaeger | B8: 獵兵 | C8: Medium | E8: 110 | G8: 50 | K8: 3 | L8: 3 | M8: 2 | S8: =SUMPRODUCT(D8:R8,D$2:R$2) -> 1806 | T8: =機兵總覽!H7 -> 200 | U8: =IF(S8=0,"",T8/S8*1000) -> 110.74197
A9: Siegebreaker | B9: 襲城者 | C9: Medium | E9: 200 | H9: 25 | J9: 75 | K9: 3 | L9: 3 | S9: =SUMPRODUCT(D9:R9,D$2:R$2) -> 2073.5 | T9: =機兵總覽!H8 -> 200 | U9: =IF(S9=0,"",T9/S9*1000) -> 96.455269
A10: Arquebusier | B10: 火槍手 | C10: Medium | E10: 110 | H10: 25 | K10: 3 | L10: 3 | S10: =SUMPRODUCT(D10:R10,D$2:R$2) -> 1256 | T10: =機兵總覽!H9 -> 180 | U10: =IF(S10=0,"",T10/S10*1000) -> 143.3121
A11: Pioneer | B11: 先鋒 | C11: Medium | D11: 100 | E11: 35 | H11: 25 | K11: 3 | L11: 3 | S11: =SUMPRODUCT(D11:R11,D$2:R$2) -> 846 | T11: =機兵總覽!H10 -> 180 | U11: =IF(S11=0,"",T11/S11*1000) -> 212.76596
A12: Gladiator | B12: 格鬥士 | C12: Medium | E12: 125 | H12: 25 | K12: 3 | L12: 3 | S12: =SUMPRODUCT(D12:R12,D$2:R$2) -> 1376 | T12: =機兵總覽!H11 -> 150 | U12: =IF(S12=0,"",T12/S12*1000) -> 109.01163
A13: Ronin | B13: 浪人 | C13: Medium | E13: 150 | H13: 25 | K13: 3 | L13: 3 | S13: =SUMPRODUCT(D13:R13,D$2:R$2) -> 1576 | T13: =機兵總覽!H12 -> 150 | U13: =IF(S13=0,"",T13/S13*1000) -> 95.177665
A14: Grenadier | B14: 擲彈兵 | C14: Medium | D14: 120 | E14: 25 | H14: 15 | K14: 5 | S14: =SUMPRODUCT(D14:R14,D$2:R$2) -> 648 | T14: =機兵總覽!H13 -> 120 | U14: =IF(S14=0,"",T14/S14*1000) -> 185.18519
A15: Phalanx | B15: 方陣步兵 | C15: Medium | D15: 100 | E15: 50 | H15: 15 | K15: 3 | L15: 3 | S15: =SUMPRODUCT(D15:R15,D$2:R$2) -> 926 | T15: =機兵總覽!H14 -> 120 | U15: =IF(S15=0,"",T15/S15*1000) -> 129.58963
A16: Sergeant | B16: 軍士 | C16: Medium | D16: 115 | K16: 5 | N16: 1 | S16: =SUMPRODUCT(D16:R16,D$2:R$2) -> 1378.5 | T16: =機兵總覽!H15 -> 75 | U16: =IF(S16=0,"",T16/S16*1000) -> 54.406964
A17: Soldat | B17: 士兵 | C17: Medium | D17: 115 | K17: 5 | S17: =SUMPRODUCT(D17:R17,D$2:R$2) -> 378.5 | T17: =機兵總覽!H16 -> 40 | U17: =IF(S17=0,"",T17/S17*1000) -> 105.68032
A18: Dogge | B18: 獒犬 | C18: Medium | D18: 150 | I18: 25 | K18: 7 | L18: 2 | S18: =SUMPRODUCT(D18:R18,D$2:R$2) -> 754 | T18: =機兵總覽!H17 -> 30 | U18: =IF(S18=0,"",T18/S18*1000) -> 39.787798
A19: Gecko | B19: 壁虎 | C19: Heavy | D19: 165 | E19: 275 | G19: 30 | J19: 40 | K19: 8 | L19: 9 | Q19: 1 | S19: =SUMPRODUCT(D19:R19,D$2:R$2) -> 4111.5 | T19: =機兵總覽!H18 -> 400 | U19: =IF(S19=0,"",T19/S19*1000) -> 97.288094
A20: Iguana | B20: 鬣蜥 | C20: Heavy | D20: 345 | E20: 510 | K20: 9 | L20: 14 | Q20: 2 | S20: =SUMPRODUCT(D20:R20,D$2:R$2) -> 7063.5 | T20: =機兵總覽!H19 -> 300 | U20: =IF(S20=0,"",T20/S20*1000) -> 42.471862
A21: Field Command | B21: 中繼指揮 | C21: Heavy | D21: 200 | H21: 20 | K21: 4 | L21: 2 | N21: 1 | S21: =SUMPRODUCT(D21:R21,D$2:R$2) -> 1708 | T21: =機兵總覽!H20 -> 150 | U21: =IF(S21=0,"",T21/S21*1000) -> 87.822014
A22: Ape | B22: 猿人 | C22: Heavy | D22: 200 | E22: 15 | K22: 10 | L22: 2 | S22: =SUMPRODUCT(D22:R22,D$2:R$2) -> 940 | T22: =機兵總覽!H21 -> 140 | U22: =IF(S22=0,"",T22/S22*1000) -> 148.93617
A23: Battle Friend | B23: 戰鬥夥伴 | C23: Heavy | D23: 200 | H23: 20 | K23: 4 | L23: 2 | S23: =SUMPRODUCT(D23:R23,D$2:R$2) -> 708 | T23: =機兵總覽!H22 -> 120 | U23: =IF(S23=0,"",T23/S23*1000) -> 169.49153
A24: tiny mammoth | B24: 小猛瑪 | C24: Heavy | D24: 600 | K24: 15 | L24: 3 | S24: =SUMPRODUCT(D24:R24,D$2:R$2) -> 1800 | T24: =機兵總覽!H23 -> 120 | U24: =IF(S24=0,"",T24/S24*1000) -> 66.666667
A25: Escort Lifter | B25: 運輸框架 | C25: Heavy | D25: 300 | H25: 25 | K25: 6 | L25: 2 | S25: =SUMPRODUCT(D25:R25,D$2:R$2) -> 982 | T25: =機兵總覽!H24 -> 80 | U25: =IF(S25=0,"",T25/S25*1000) -> 81.466395
A26: Shaft Worker | B26: 工程駁機 | C26: Heavy | D26: 300 | H26: 50 | K26: 5 | L26: 4 | S26: =SUMPRODUCT(D26:R26,D$2:R$2) -> 1170 | T26: =機兵總覽!H25 -> 80 | U26: =IF(S26=0,"",T26/S26*1000) -> 68.376068
A27: Hermit Crab | B27: 寄居蟹 | C27: UltraHeavy | E27: 390 | K27: 24 | L27: 42 | M27: 4 | P27: 1 | Q27: 3 | S27: =SUMPRODUCT(D27:R27,D$2:R$2) -> 11008 | T27: =機兵總覽!H26 -> 500 | U27: =IF(S27=0,"",T27/S27*1000) -> 45.421512
A28: Tarbosaurus | B28: 駭蜥 | C28: UltraHeavy | E28: 1140 | G28: 100 | I28: 360 | L28: 50 | M28: 7 | O28: 1 | Q28: 3 | S28: =SUMPRODUCT(D28:R28,D$2:R$2) -> 19020 | T28: =機兵總覽!H27 -> 500 | U28: =IF(S28=0,"",T28/S28*1000) -> 26.288118
A29: killdozer | B29: 突擊龜 | C29: UltraHeavy | D29: 250 | E29: 550 | F29: 200 | K29: 20 | L29: 20 | Q29: 1 | S29: =SUMPRODUCT(D29:R29,D$2:R$2) -> 7715 | T29: =機兵總覽!H28 -> 480 | U29: =IF(S29=0,"",T29/S29*1000) -> 62.216461
A30: geochelone | B30: 象龜 | C30: UltraHeavy | D30: 200 | E30: 500 | K30: 15 | L30: 15 | Q30: 1 | R30: 1 | S30: =SUMPRODUCT(D30:R30,D$2:R$2) -> 6710 | T30: =機兵總覽!H29 -> 420 | U30: =IF(S30=0,"",T30/S30*1000) -> 62.593145
A31: Caretta | B31: 蠵龜 | C31: UltraHeavy | D31: 200 | E31: 500 | K31: 12 | L31: 15 | O31: 1 | Q31: 1 | S31: =SUMPRODUCT(D31:R31,D$2:R$2) -> 7664 | T31: =機兵總覽!H30 -> 250 | U31: =IF(S31=0,"",T31/S31*1000) -> 32.620042

Sheet 單價表
A1: 材料 defName | B1: 單價(銀幣) | C1: 中文 | D1: 來源
A2: Steel | B2: 1.9 | C2: 鋼材 | D2: RimWorld 原版 (wiki)
A3: Tungsteel | B3: 8 | C3: 鎢鋼 | D3: 本 mod statBases/MarketValue
A4: DMS_Ceramics | B4: 2 | C4: 陶瓷板 | D4: 本 mod statBases/MarketValue
A5: Plasfiber | B5: 5 | C5: 塑纖 | D5: 本 mod statBases/MarketValue
A6: Synthread | B6: 4 | C6: 合成纖維 | D6: RimWorld 原版 (wiki)
A7: Artifuscle | B7: 5 | C7: 人造肌肉 | D7: 本 mod statBases/MarketValue
A8: Chemfuel | B8: 1.3 | C8: 化石燃料 | D8: RimWorld 原版 (wiki)
A9: ComponentIndustrial | B9: 32 | C9: 工業元件 | D9: RimWorld 原版 (wiki)
A10: ComponentStamped | B10: 60 | C10: 衝壓元件 | D10: 本 mod statBases/MarketValue
A11: ComponentSpacer | B11: 200 | C11: 先進元件 | D11: RimWorld 原版 (wiki)
A12: ComponentTransmitter | B12: 1000 | C12: 傳輸元件 | D12: 本 mod statBases/MarketValue
A13: ComponentFireControl | B13: 1400 | C13: 火控元件 | D13: 本 mod statBases/MarketValue
... A16: BroadshieldCore | B16: 350 | C16: 力場核心 | D16: RimWorld 原版 (wiki)
A18: 藍字黃底＝可自行修改的單價假設；改動後「材料成本明細」與相關性價比會自動重算。
A19: 原版單價來源：rimworldwiki.com（Steel 1.9 / Component 32 / Advanced component 200 / Synthread 4 / Shield core 350 / Chemfuel 1.3 假設）

Sheet 科技需求
A1: 研究項目 | B1: 中文 | C1: 基礎研究費 | D1: 累計研究費 | E1: 科技等級 | F1: 前置研究 | G1: 可解鎖機兵數 | H1: 解鎖機兵
A2: Automatroid Basis | B2: 機兵基礎 | C2: 1000 | D2: 1200 | E2: Industrial | F2: DMS_UAVBasis | G2: 3 | H2: 夜蝠, 游隼, 蹄兔
A3: Legion | B3: 軍團機兵 | C3: 500 | D3: 1700 | E3: Industrial | F3: DMS_Automatroid | G3: 3 | H3: 擲彈兵, 軍士, 士兵
A4: Mecha Gear | B4: 機甲齒輪 | C4: 1500 | D4: 3700 | E4: Industrial | F4: DMS_Material, DMS_Automatroid, Prosthetics | G4: 2 | H4: 獒犬, 猿人
A5: Dead Man's Switch | B5: 失能機關 | C5: 1000 | D5: 4700 | E5: Industrial | F5: MicroelectronicsBasics, DMS_MechBasis | G5: 3 | H5: 先鋒, 格鬥士, 方陣步兵
A6: Battle Friends | B6: 戰鬥伙伴 | C6: 800 | D6: 5500 | E6: Industrial | F6: DMS_DeadMansSwitch | G6: 4 | H6: 中繼指揮, 戰鬥夥伴, 運輸框架, 工程駁機
A7: Ergonomics | B7: 人機工程學 | C7: 1200 | D7: 5900 | E7: Industrial | F7: DMS_DeadMansSwitch | G7: 3 | H7: 獵兵, 火槍手, 浪人
A8: Wetware Hypothesis | B8: 簡言之假說 | C8: 3000 | D8: 7700 | E8: Spacer | F8: DMS_DeadMansSwitch, MultiAnalyzer | G8: 3 | H8: 壁虎, 鬣蜥, 小猛瑪
A9: Specialized design | B9: 特種機兵 | C9: 2500 | D9: 8400 | E9: Industrial | F9: DMS_HumanoidEngineering | G9: 3 | H9: 塔盾手, 狙擊手, 襲城者
A10: Heavy Automatroid | B10: 重型機兵 | C10: 1000 | D10: 9500 | E10: Industrial | F10: DMS_Hypothesis, DMS_BattleFrame | G10: 4 | H10: 寄居蟹, 突擊龜, 象龜, 蠵龜
A11: Next-Gen Weaponry | B11: 次世代兵器 | C11: 6000 | D11: 19500 | E11: Spacer | F11: DMS_Hybrid, DMS_HeavyAutomatroid | G11: 1 | H11: 駭蜥

Sheet 非量產機兵
A1: 機兵 | B1: 中文名 | C1: defName | D1: 重量級 | E1: 戰鬥點數 | F1: 頻寬 | G1: 生命係數 | H1: 移速 | I1: 銳器護甲 | J1: 鈍器護甲 | K1: 備註
A2: geochelone | B2: 象龜 | C2: DMS_Mech_Geochelone_b | D2: UltraHeavy | E2: 420 | F2: 5 | G2: 5 | H2: 2.5 | I2: 1.5 | J2: 1.3 | K2: 象龜的載具武器變體，共用象龜配方之外的生成途徑
A3: Kanonier | B3: 炮兵 | C3: DMS_Mech_Kanonier | D3: Medium | E3: 140 | F3: 2 | G3: 1 | H3: 4.2 | I3: 0.4 | J3: 0.2 | K3: 無孵化配方，僅出現在 Bossgroup／敵對勢力，可復活但不可生產
A4: killdozer | B4: 突擊龜 | C4: DMS_Mech_Killdozer_b | D4: UltraHeavy | E4: 480 | F4: 7 | G4: 5.3 | H4: 2.2 | I4: 2 | J4: 1.5 | K4: 突擊龜的載具武器變體
A5: Lady | B5: 女士 | C5: DMS_Mech_Lady | D5: Light | E5: 150 | F5: 3 | H5: 5 | I5: 0.2 | J5: 0.2 | K5: 劇情／Boss 單位，無孵化配方

Sheet 說明
A1: Dead Man Switch — 機兵屬性／戰鬥點數性價比統計
A3: 資料來源：本 mod 1.6/Defs/Things_Race/*.xml（ThingDef、PawnKindDef）與 1.6/Biotech/Defs/DMS_Recipes_MechGestator*.xml（RecipeDef），已展開 ParentName 繼承鏈。
A5: 欄位定義
A6: 戰鬥點數：PawnKindDef.combatPower，遊戲用來估算威脅值的官方數字。
A7: 銀幣成本：配方材料 × 單價表單價的加總。不含孵化器電力、研究成本、武器成本。
A8: CP/銀幣×1000：每 1000 銀幣材料換到的戰鬥點數，數字越大越划算（主要性價比指標）。
A9: CP/頻寬：每點機械頻寬換到的戰鬥點數，頻寬是中後期真正的瓶頸，此欄常比銀幣更關鍵。
A10: 生命係數：race.baseHealthScale，相對於標準人形的血量倍率。
A11: 護甲：ArmorRating_Sharp / Blunt / Heat，1.0 = 完全免疫該類傷害。
A12: 孵化週期：gestationCycles，決定孵化時間與電力消耗。
A13: 累計研究費：該研究本身 + 所有前置研究的 baseCost 總和。
A15: 已知假設與限制
... A20: 5. Geochelone_b / Killdozer_b 與本體屬性完全相同，僅武器掛載方式不同。
